{
	"1848_revolution_memorial_day": "1848 Revolution Memorial Day",
	"1956_revolution_memorial_day": "1956 Revolution Memorial Day",
	"2_january": "2 January",
	"adelaide_cup_day": "Adelaide Cup Day",
	"africa_day": "Africa Day",
	"africa_day_heroes_day": "Africa Day/ Heroes' Day",
	"agrarian_reform_day": "Agrarian Reform Day",
	"air_force_day": "Air Force Day",
	"all_saints_day": "All Saints' Day",
	"all_saints_day_eve": "All Saints' Day Eve",
	"all_souls_day": "All Souls' Day",
	"amazigh_new_year": "Amazigh New Year",
	"america_s_day": "America's Day",
	"ancestry_day": "Ancestry Day",
	"andean_new_year": "Andean New Year",
	"annexation_of_the_party_of_nicoya_to_costa_rica": "Annexation of the Party of Nicoya to Costa Rica",
	"anniversary_of_the_arengo": "Anniversary of the Arengo",
	"anniversary_of_the_battle_of_carabobo": "Anniversary of the Battle of Carabobo",
	"anniversary_of_the_passing_of_general_mart\u00edn_miguel_de_g\u00fcemes": "Anniversary of the Passing of General Mart\u00edn Miguel de G\u00fcemes",
	"annunciation": "Annunciation",
	"anti_fascist_struggle_day": "AntiFascist Struggle Day",
	"anzac_day": "Anzac Day",
	"april_fools_day": "AprilFoolsDay",
	"armed_forces_day": "Armed Forces Day",
	"armenian_genocide_remembrance_day": "Armenian Genocide Remembrance Day",
	"armistice_day": "Armistice Day",
	"army_abolition_day": "Army Abolition Day",
	"army_day": "Army Day",
	"arrival_day": "Arrival Day",
	"ascension_day": "Ascension Day",
	"ash_wednesday": "AshWednesday",
	"ashura": "Ashura",
	"assumption": "Assumption",
	"assumption_day": "Assumption Day",
	"assumption_of_mary": "Assumption of Mary",
	"assumption_of_the_virgin_mary": "Assumption of the Virgin Mary",
	"atat\u00fcrk_commemoration_youth_day": "Atat\u00fcrk Commemoration & Youth Day",
	"auckland_anniversary_day": "Auckland Anniversary Day",
	"august_festivals": "August Festivals",
	"august_holiday": "August Holiday",
	"australia_day": "Australia Day",
	"autumnal_equinox_day": "Autumnal Equinox Day",
	"azores_day": "Azores Day",
	"bank_closing_day": "Bank closing day",
	"bastille_day": "Bastille Day",
	"battle_of_angamos": "Battle of Angamos",
	"battle_of_arica": "Battle of Arica",
	"battle_of_boyac\u00e1": "Battle of Boyac\u00e1",
	"battle_of_las_piedras": "Battle of Las Piedras",
	"battle_of_san_jacinto": "Battle of San Jacinto",
	"battle_of_the_boyne": "Battle of the Boyne",
	"battle_of_verti\u00e8res_day": "Battle of Verti\u00e8res Day",
	"beginning_of_the_independence_movement": "Beginning of the Independence Movement",
	"belgian_national_day": "Belgian National Day",
	"benito_ju\u00e1rez_s_birthday": "Benito Ju\u00e1rez's birthday",
	"birth_of_the_blessed_virgin_mary": "Birth of the Blessed Virgin Mary",
	"birthday_of_don_luis_mu\u00f1oz_rivera": "Birthday of Don Luis Mu\u00f1oz Rivera",
	"birthday_of_dr_jos\u00e9_celso_barbosa": "Birthday of Dr. Jos\u00e9 Celso Barbosa",
	"birthday_of_eugenio_mar\u00eda_de_hostos": "Birthday of Eugenio Mar\u00eda de Hostos",
	"birthday_of_jos\u00e9_de_diego": "Birthday of Jos\u00e9 de Diego",
	"birthday_of_jos\u00e9_gervasio_artigas_and_never_again_day": "Birthday of Jos\u00e9 Gervasio Artigas and Never Again Day",
	"birthday_of_luis_mu\u00f1oz_mar\u00edn": "Birthday of Luis Mu\u00f1oz Mar\u00edn",
	"black_awareness_day": "Black Awareness Day",
	"bonifacio_day": "Bonifacio Day",
	"boqueron_battle_victory_day": "Boqueron Battle Victory Day",
	"botswana_day_holiday": "Botswana Day holiday",
	"boxing_day": "Boxing Day",
	"british_columbia_day": "British Columbia Day",
	"buddha_s_birthday": "Buddha's Birthday",
	"b\u0103l\u0163i_day": "B\u0103l\u0163i Day",
	"canada_day": "Canada Day",
	"canberra_day": "Canberra Day",
	"candlemas": "Candlemas",
	"canterbury_anniversary_day": "Canterbury Anniversary Day",
	"canterbury_south_anniversary_day": "Canterbury (South) Anniversary Day",
	"capital_city_day": "Capital City Day",
	"capital_s_day": "Capital's Day",
	"caracas_city_foundation_day": "Caracas City Foundation Day",
	"caricom_day": "Caricom Day",
	"carnival": "Carnival",
	"cassinga_day": "Cassinga Day",
	"castile_and_le\u00f3n_day": "Castile and Le\u00f3n Day",
	"catholicchristmas_day": "Catholic Christmas Day",
	"chaco_armistice": "Chaco Armistice",
	"chatham_islands_anniversary_day": "Chatham Islands Anniversary Day",
	"children_s_day": "Children's Day",
	"chinese_arrival_day": "Chinese Arrival day",
	"chinese_new_year": "Chinese New Year",
	"chinese_new_year_spring_festival_": "Chinese New Year (Spring Festival)",
	"ching_ming_festival": "Ching Ming Festival",
	"christmas": "Christmas",
	"christmas_day": "Christmas Day",
	"christmas_day_orthodox_": "Christmas Day (Orthodox)",
	"christmas_day_roman_catholic_": "Christmas Day (Roman Catholic)",
	"christmas_eve": "Christmas Eve",
	"christmas_eve_orthodox_": "Christmas Eve (Orthodox)",
	"christmas_eve_roman_catholic_": "Christmas Eve (Roman Catholic)",
	"chung_yeung_festival": "Chung Yeung Festival",
	"chuseok": "Chuseok",
	"civic_holiday": "Civic Holiday",
	"clean_monday": "Clean Monday",
	"colon_day": "Colon Day",
	"columbus_day": "Columbus Day",
	"coming_of_age_day": "Coming of Age Day",
	"commemoration_day": "Commemoration Day",
	"commemoration_of_all_those_who_died_at_war": "Commemoration of all those who died at war",
	"commemoration_of_the_assault_of_the_moncada_garrison": "Commemoration of the Assault of the Moncada garrison",
	"commerce_day": "Commerce Day",
	"commonwealth_day": "Commonwealth Day",
	"concord_day": "Concord Day",
	"congolese_genocide_day": "Congolese Genocide Day",
	"constitution_day": "Constitution Day",
	"constitution_memorial_day": "Constitution Memorial Day",
	"constitutionalist_revolution_of_1932": "Constitutionalist Revolution of 1932",
	"corpus_christi": "Corpus Christi",
	"culture_day": "Culture Day",
	"currency_change_day": "Currency change day",
	"cyprus_independence_day": "Cyprus Independence Day",
	"cyprus_national_day": "Cyprus National Day",
	"day_after_ascension_day": "Day after Ascension Day",
	"day_after_new_year_s_day": "Day after New Year's Day",
	"day_after_the_commemoration_of_the_assault_of_the_moncada_garrison": "Day after the Commemoration of the Assault of the Moncada garrison",
	"day_before_the_commemoration_of_the_assault_of_the_moncada_garrison": "Day before the Commemoration of the Assault of the Moncada garrison",
	"day_following_the_mid_autumn_festival": "Day following the MidAutumn Festival",
	"day_of_andaluc\u00eda": "Day of Andaluc\u00eda",
	"day_of_arag\u00f3n": "Day of Arag\u00f3n",
	"day_of_asturias": "Day of Asturias",
	"day_of_castilla_la_mancha": "Day of CastillaLa Mancha",
	"day_of_extremadura": "Day of Extremadura",
	"day_of_goodwill": "Day of Goodwill",
	"day_of_indigenous_resistance": "Day of Indigenous Resistance",
	"day_of_kings": "Day of Kings",
	"day_of_la_rioja": "Day of La Rioja",
	"day_of_madrid": "Day of Madrid",
	"day_of_murcia": "Day of Murcia",
	"day_of_our_lady_of_the_seven_sorrows": "Day of Our Lady of the Seven Sorrows",
	"day_of_peace_and_reconciliation": "Day of Peace and Reconciliation",
	"day_of_reconciliation": "Day of Reconciliation",
	"day_of_remembrance_for_truth_and_justice": "Day of Remembrance for Truth and Justice",
	"day_of_respect_for_cultural_diversity": "Day of Respect for Cultural Diversity",
	"day_of_restoration_of_independence": "Day of Restoration of Independence",
	"day_of_restoration_of_independence_of_lithuania": "Day of Restoration of Independence of Lithuania",
	"day_of_svetitskhoveli_cathedra": "Day of Svetitskhoveli Cathedra",
	"day_of_the_balearic_islands": "Day of the Balearic Islands",
	"day_of_the_canary_islands": "Day of the Canary Islands",
	"day_of_the_cantabrian_institutions": "Day of the Cantabrian Institutions",
	"day_of_the_constitution_of_the_slovak_republic": "Day of the Constitution of the Slovak Republic",
	"day_of_the_dead": "Day of the Dead",
	"day_of_the_establishment_of_the_general_framework_agreement_for_peace_in_bih": "Day of the establishment of the General Framework Agreement for Peace in BiH",
	"day_of_the_establishment_of_the_slovak_republic": "Day of the Establishment of the Slovak Republic",
	"day_of_the_macedonian_revolutionary_struggle": "Day of the Macedonian Revolutionary Struggle",
	"day_of_the_maroons": "Day of the Maroons",
	"day_of_the_moldovan_national_army": "Day of the Moldovan National Army",
	"day_of_the_queen_of_peace": "Day of the Queen of Peace",
	"day_of_the_race": "Day of the race",
	"day_of_the_republic": "Day of the Republic",
	"day_of_the_revolution": "Day of the Revolution",
	"day_of_the_valencian_community": "Day of the Valencian Community",
	"day_of_the_veterans_and_fallen_of_the_malvinas_war": "Day of the Veterans and Fallen of the Malvinas War",
	"day_of_uprising_against_occupation": "Day of Uprising Against Occupation",
	"day_of_valor": "Day of Valor",
	"day_of_veterans_of_the_armed_forces_and_law_enforcement_agencies": "Day of Veterans of the Armed Forces and Law Enforcement Agencies",
	"day_of_victory_over_fascism": "Day of Victory over Fascism",
	"deceased_ones_day": "Deceased ones day",
	"declaration_of_independence": "Declaration of Independence",
	"declaration_of_independence_of_quito": "Declaration of Independence of Quito",
	"deepavali": "Deepavali",
	"defence_forces_day": "Defence Forces Day",
	"defender_of_the_fatherland_day": "Defender of the Fatherland Day",
	"democracy_and_national_unity_day": "Democracy and National Unity Day",
	"democracy_day": "Democracy Day",
	"dessalines_day": "Dessalines Day",
	"discovery_day": "Discovery Day",
	"discovery_of_puerto_rico": "Discovery of Puerto Rico",
	"diwali": "Diwali",
	"dormition": "Dormition",
	"dormition_of_the_theotokos": "Dormition of the Theotokos",
	"dragon_boat_festival": "Dragon Boat Festival",
	"duarte_s_birthday": "Duarte's Birthday",
	"early_may_bank_holiday": "Early May Bank Holiday",
	"earth_day": "EarthDay",
	"easter": "Easter",
	"easter_monday": "Easter Monday",
	"easter_sunday": "Easter Sunday",
	"easter_tuesday": "Easter Tuesday",
	"eid_al_adha": "EidalAdha",
	"eid_al_fitr": "EidalFitr",
	"eight_hours_day": "Eight Hours Day",
	"emancipation_day": "Emancipation Day",
	"enthronement": "Enthronement",
	"epiphany": "Epiphany",
	"epiphany_orthodox_": "Epiphany (Orthodox)",
	"errol_barrow_day": "Errol Barrow Day",
	"ethnic_pride_day": "Ethnic Pride Day",
	"europe_day": "Europe Day",
	"evacuation_day": "Evacuation Day",
	"family_day": "Family Day",
	"farmers_day": "Farmers' Day",
	"father_s_day": "Father's Day",
	"fathers_day": "FathersDay",
	"feast_of_our_lady_of_bien_aparecida": "Feast of Our Lady of Bien Aparecida",
	"feast_of_our_lady_of_the_angels": "Feast of Our Lady of the Angels",
	"feast_of_our_lady_of_victories": "Feast of Our Lady of Victories",
	"feast_of_saint_agatha": "Feast of Saint Agatha",
	"feast_of_st_joseph": "Feast of St. Joseph",
	"feast_of_st_paul_s_shipwreck": "Feast of St. Paul's Shipwreck",
	"feast_of_st_peter_and_st_paul": "Feast of St.Peter and St.Paul",
	"feast_of_the_divina_pastora": "Feast of the Divina Pastora",
	"feast_of_the_immaculate_conception": "Feast of the Immaculate Conception",
	"feast_of_the_immaculate_conception_of_mary": "Feast of the Immaculate Conception of Mary",
	"feast_of_the_our_lady_of_mercy": "Feast of the Our Lady of Mercy",
	"feast_of_the_virgin_of_candelaria": "Feast of the Virgin of Candelaria",
	"federal_day_of_thanksgiving": "Federal Day of Thanksgiving",
	"federal_fast_monday": "Federal Fast Monday",
	"ferragosto_assumption_": "Ferragosto (Assumption)",
	"festival_day": "Festival Day",
	"festival_of_the_crosses": "Festival of the Crosses",
	"first_day_of_summer": "First Day of Summer",
	"flag_and_universities_day": "Flag and Universities Day",
	"flag_day": "Flag Day",
	"foundation_anniversary_day_of_san_crist\u00f3bal_t\u00e1chira": "Foundation anniversary Day of San Crist\u00f3bal, T\u00e1chira",
	"foundation_day": "Foundation Day",
	"founders_day": "Founders Day",
	"founding_of_asunci\u00f3n": "Founding of Asunci\u00f3n",
	"francisco_moraz\u00e1n_s_day_soldier_s_day": "Francisco Moraz\u00e1n's Day/Soldier's Day",
	"freedom_day": "Freedom Day",
	"friday_before_afl_grand_final_tentative_date_": "Friday before AFL Grand Final (Tentative Date)",
	"galician_literature_day": "Galician Literature Day",
	"garifuna_settlement_day": "Garifuna Settlement Day",
	"general_jos\u00e9_de_san_mart\u00edn_memorial_day": "General Jos\u00e9 de San Mart\u00edn Memorial Day",
	"general_manuel_belgrano_memorial_day": "General Manuel Belgrano Memorial Day",
	"general_prayer_day": "General Prayer Day",
	"geneva_prayday": "Geneva Prayday",
	"genocide_remembrance_day": "Genocide Remembrance Day",
	"george_price_day": "George Price Day",
	"german_unity_day": "German Unity Day",
	"gibraltar_national_day": "Gibraltar National Day",
	"gold_cup_parade_day": "Gold Cup Parade Day",
	"good_friday": "GoodFriday",
	"great_patriotic_war_against_fascism_victory_day": "Great Patriotic War Against Fascism Victory Day",
	"greek_independence_day": "Greek Independence Day",
	"green_march": "Green March",
	"green_monday": "Green Monday",
	"greenery_day": "Greenery Day",
	"guru_nanak_gurpurab": "GuruNanakGurpurab",
	"halloween": "Halloween",
	"hangul_day": "Hangul Day",
	"hanukkah": "Hanukkah",
	"hanukkah_day1": "HanukkahDay1",
	"hanukkah_day8": "HanukkahDay8",
	"hari_raya_haji_tentative_date_": "Hari Raya Haji (Tentative Date)",
	"hari_raya_puasa": "Hari Raya Puasa",
	"hawke_s_bay_anniversary_day": "Hawke's Bay Anniversary Day",
	"heritage_day": "Heritage Day",
	"heroes_day": "Heroes' Day",
	"heroes_s_day": "Heroes's Day",
	"holi": "Holi",
	"holy_saturday": "Holy Saturday",
	"holy_thursday": "HolyThursday",
	"hong_kong_special_administrative_region_establishment_day": "Hong Kong Special Administrative Region Establishment Day",
	"hoshanah_rabbah": "HoshanahRabbah",
	"human_rights_day": "Human Rights Day",
	"icelandic_national_day": "Icelandic National Day",
	"immaculate_conception": "Immaculate Conception",
	"immaculate_conception_day": "Immaculate Conception Day",
	"independence_and_unity_day": "Independence and Unity Day",
	"independence_day": "Independence Day",
	"independence_day_moldova_": "Independence Day (Moldova)",
	"independence_movement_day": "Independence Movement Day",
	"independence_of_cartagena": "Independence of Cartagena",
	"independence_of_cuenca": "Independence of Cuenca",
	"independence_of_guayaquil": "Independence of Guayaquil",
	"independent_czechoslovak_state_day": "Independent Czechoslovak State Day",
	"indian_arrival_day": "Indian Arrival Day",
	"indigenous_people_s_day": "Indigenous People's Day",
	"indigenous_peoples_day": "Indigenous Peoples' Day",
	"indigenous_resistance_day": "Indigenous Resistance Day",
	"integration_of_primorska_into_the_homeland": "Integration of Primorska into the Homeland",
	"international_day_of_peace": "InternationalDayofPeace",
	"international_women_s_day": "International Women's Day",
	"international_womens_day": "InternationalWomensDay",
	"international_workers_day": "International Workers' Day",
	"international_working_day": "International Working Day",
	"islander_day": "Islander Day",
	"jamhuri_day": "Jamhuri Day",
	"jan_hus_day": "Jan Hus Day",
	"javanese_arrival_day": "Javanese Arrival Day",
	"journalists_day": "Journalists' Day",
	"juan_santamar\u00eda_day": "Juan Santamar\u00eda Day",
	"june_30_revolution": "June 30 Revolution",
	"june_holiday": "June Holiday",
	"juneteenth_national_independence_day": "Juneteenth National Independence Day",
	"kadooment_day": "Kadooment Day",
	"kazakhstan_people_s_unity_day": "Kazakhstan People's Unity Day",
	"keti_koti": "Keti Koti",
	"kimbangu_s_day": "Kimbangu's Day",
	"king_letsie_iii_s_birthday": "King Letsie III's Birthday",
	"king_s_birthday": "King's Birthday",
	"king_s_day": "King's Day",
	"kwanzaa_imani": "KwanzaaImani",
	"kwanzaa_kujichagulia": "KwanzaaKujichagulia",
	"kwanzaa_kuumba": "KwanzaaKuumba",
	"kwanzaa_nia": "KwanzaaNia",
	"kwanzaa_ujamaa": "KwanzaaUjamaa",
	"kwanzaa_ujima": "KwanzaaUjima",
	"kwanzaa_umoja": "KwanzaaUmoja",
	"labour_and_agriculture_day": "Labour and Agriculture Day",
	"labour_day": "Labour Day",
	"labour_day_moldova_": "Labour Day (Moldova)",
	"labour_thanksgiving_day": "Labour Thanksgiving Day",
	"landing_of_the_33_patriots_day": "Landing of the 33 Patriots Day",
	"lantern_festival": "LanternFestival",
	"last_day_of_the_year": "Last Day of The Year",
	"laurent_d\u00e9sir\u00e9_kabila_assassination": "LaurentD\u00e9sir\u00e9 Kabila Assassination",
	"liberation_day": "Liberation Day",
	"liberation_from_fascism": "Liberation from Fascism",
	"limba_noastra_national_language_day_": "Limba Noastra (National Language Day)",
	"lincoln_s_birthday": "Lincoln's Birthday",
	"louis_riel_day": "Louis Riel Day",
	"lunar_new_year": "Lunar New Year",
	"madaraka_day": "Madaraka Day",
	"madeira_day": "Madeira Day",
	"maghi": "Maghi",
	"majority_rule_day": "Majority Rule Day",
	"marine_day": "Marine Day",
	"marlborough_anniversary_day": "Marlborough Anniversary Day",
	"martin_luther_king_jr_day": "Martin Luther King, Jr. Day",
	"martyr_s_day": "Martyr's Day",
	"martyrs_day": "Martyrs Day",
	"mashujaa_day": "Mashujaa Day",
	"maslenitsa": "Maslenitsa",
	"maslenitsa_start": "MaslenitsaStart",
	"matariki": "Matariki",
	"maundy_thursday": "Maundy Thursday",
	"mawlid": "Mawlid",
	"may_day": "May Day",
	"may_day_bank_holiday": "May Day Bank Holiday",
	"may_day_international_workers_day": "May Day / International Workers' Day",
	"may_revolution": "May Revolution",
	"mazingira_day": "Mazingira Day",
	"melbourne_cup": "Melbourne Cup",
	"memorial_day": "Memorial Day",
	"meskel": "Meskel",
	"mid_autumn_festival": "MidAutumn Festival",
	"midsummer_day": "Midsummer Day",
	"midsummer_eve": "Midsummer Eve",
	"mimouna": "Mimouna",
	"moshoeshoe_day": "Moshoeshoe Day",
	"mother_s_day": "Mother's Day",
	"mother_teresa_day": "Mother Teresa Day",
	"mothers_day": "MothersDay",
	"mountain_day": "Mountain Day",
	"naadam_holiday": "Naadam Holiday",
	"natal_day": "Natal Day",
	"national_aboriginal_day": "National Aboriginal Day",
	"national_day": "National Day",
	"national_day_for_truth_and_reconciliation": "National Day for Truth and Reconciliation",
	"national_day_great_union": "National Day/Great Union",
	"national_day_of_catalonia": "National Day of Catalonia",
	"national_day_of_indigenous_peoples": "National Day of Indigenous Peoples",
	"national_day_of_spain": "National Day of Spain",
	"national_day_of_sweden": "National Day of Sweden",
	"national_flag_day": "National Flag Day",
	"national_foundation_day": "National Foundation Day",
	"national_heroes_and_benefactors_day": "National Heroes and Benefactors Day",
	"national_heroes_day": "National Heroes' Day",
	"national_holiday": "National Holiday",
	"national_independence_children_s_day": "National Independence & Children's Day",
	"national_patriots_day": "National Patriots' Day",
	"national_pupusa_festival": "National Pupusa Festival",
	"national_sovereignty_day": "National Sovereignty Day",
	"national_unity_day": "National Unity Day",
	"national_women_s_day": "National Women's Day",
	"national_youth_day": "National Youth Day",
	"nativity_of_our_lady": "Nativity of Our Lady",
	"nauryz_meyramy": "Nauryz Meyramy",
	"navy_day": "Navy Day",
	"nelson_anniversary_day": "Nelson Anniversary Day",
	"new_brunswick_day": "New Brunswick Day",
	"new_year_holiday": "New Year holiday",
	"new_year_s_day": "New Year's Day",
	"new_year_s_eve": "New Year's Eve",
	"new_years_eve": "NewYearsEve",
	"nigerien_independence_day": "Nigerien Independence Day",
	"nigerien_republic_day": "Nigerien Republic Day",
	"ninoy_aquino_day": "Ninoy Aquino Day",
	"nowruz": "Nowruz",
	"n\u00e4fels_procession": "N\u00e4fels procession",
	"ochi_day": "Ochi Day",
	"october_holiday": "October Holiday",
	"october_revolution_day": "October Revolution Day",
	"ohi_day": "Ohi Day",
	"old_new_year": "OldNewYear",
	"orangemen_s_day": "Orangemen's Day",
	"otago_anniversary_day": "Otago Anniversary Day",
	"our_lady_of_altagracia": "Our Lady of Altagracia",
	"our_lady_of_aparecida": "Our Lady of Aparecida",
	"our_lady_of_mercy": "Our Lady of Mercy",
	"our_lady_of_mount_carmel": "Our Lady of Mount Carmel",
	"pan_america_day": "Pan America Day",
	"pancasila_day": "Pancasila Day",
	"paraguayan_independence": "Paraguayan Independence",
	"parents_day": "Parents' Day",
	"pascha": "Pascha",
	"passover": "Passover",
	"passover_day1": "PassoverDay1",
	"passover_day2": "PassoverDay2",
	"passover_day7": "PassoverDay7",
	"passover_day8": "PassoverDay8",
	"patrice_lumumba_assassination": "Patrice Lumumba Assassination",
	"pentecost": "Pentecost",
	"perry_christie_day": "Perry Christie Day",
	"picnic_day": "Picnic Day",
	"presidents_day": "Presidents' Day",
	"pre\u0161eren_day": "Pre\u0161eren Day",
	"primo\u017e_trubar_day": "Primo\u017e Trubar Day",
	"proclamation_day_of_the_republic_of_latvia": "Proclamation Day of the Republic of Latvia",
	"proclamation_of_independence": "Proclamation of Independence",
	"puerto_rico_constitution_day": "Puerto Rico Constitution Day",
	"qingming_festival": "Qingming Festival",
	"queen_s_birthday": "Queen's Birthday",
	"rama_navami": "RamaNavami",
	"ramadan_start": "RamadanStart",
	"reconciliation_day": "Reconciliation Day",
	"reformation_day": "Reformation Day",
	"remembrance_day": "Remembrance Day",
	"renovation_day": "Renovation Day",
	"repentance_and_prayer_day": "Repentance and Prayer Day",
	"repentance_day": "Repentance Day",
	"republic_day": "Republic Day",
	"republic_proclamation_day": "Republic Proclamation Day",
	"respect_for_the_aged_day": "Respect for the Aged Day",
	"restoration_day": "Restoration Day",
	"restoration_of_independence": "Restoration of Independence",
	"restoration_of_independence_day": "Restoration of Independence day",
	"reunification_day": "Reunification Day",
	"revolution_day": "Revolution Day",
	"revolution_day_2011_national_police_day": "Revolution Day 2011 / National Police Day",
	"revolution_of_the_king_and_the_people": "Revolution of the King and the People",
	"rizal_day": "Rizal Day",
	"robert_mugabe_national_youth_day": "Robert Mugabe National Youth Day",
	"rosh_hashanah": "Rosh HaShanah",
	"rosh_hashanah_day1": "RoshHashanahDay1",
	"rosh_hashanah_day2": "RoshHashanahDay2",
	"rudolf_maister_day": "Rudolf Maister Day",
	"russia_day": "Russia Day",
	"sacred_heart": "Sacred Heart",
	"saint_andrew_s_day": "Saint Andrew's Day",
	"saint_andrew_the_first_called_day": "Saint Andrew the FirstCalled Day",
	"saint_brigid_s_day": "Saint Brigid's Day",
	"saint_clement_of_ohrid_day": "Saint Clement of Ohrid Day",
	"saint_devota_s_day": "Saint Devota's Day",
	"saint_george_s_caye_day": "Saint George's Caye Day",
	"saint_george_s_day": "Saint George's Day",
	"saint_john_the_baptist": "Saint John the Baptist",
	"saint_joseph_s_day": "Saint Joseph's Day",
	"saint_mary_s_day": "Saint Mary's Day",
	"saint_olav_s_day": "Saint Olav's Day",
	"saint_olav_s_eve": "Saint Olav's Eve",
	"saint_patrick_s_day": "Saint Patrick's Day",
	"saint_peter_and_saint_paul": "Saint Peter and Saint Paul",
	"saints_cyril_and_methodius_day": "Saints Cyril and Methodius Day",
	"santa_rosa_de_lima": "Santa Rosa de Lima",
	"santiago_ap\u00f3stol": "Santiago Ap\u00f3stol",
	"saskatchewan_day": "Saskatchewan Day",
	"second_day_of_christmas": "Second day of Christmas",
	"second_day_of_lunar_new_year": "Second day of Lunar New Year",
	"separation_day": "Separation Day",
	"sette_giugno": "Sette Giugno",
	"shavuot": "Shavuot",
	"shavuot_day1": "ShavuotDay1",
	"shavuot_day2": "ShavuotDay2",
	"shemini_atzeret": "SheminiAtzeret",
	"shout_in_villa_de_los_santos": "Shout in Villa de los Santos",
	"shrove_tuesday": "Shrove Tuesday",
	"sh\u014dwa_day": "Sh\u014dwa Day",
	"simchat_torah": "SimchatTorah",
	"sim\u00f3n_bol\u00edvar_s_birthday": "Sim\u00f3n Bol\u00edvar's Birthday",
	"sinai_liberation_day": "Sinai Liberation Day",
	"sir_seretse_khama_day": "Sir Seretse Khama Day",
	"slavery_abolition_anniversary": "Slavery Abolition Anniversary",
	"slovak_national_uprising_anniversary": "Slovak National Uprising anniversary",
	"slovenian_sports_day": "Slovenian Sports Day",
	"soldiers_day": "Soldiers' Day",
	"songkran": "Songkran",
	"songkran_day1": "SongkranDay1",
	"songkran_day2": "SongkranDay2",
	"songkran_day3": "SongkranDay3",
	"south_capital_s_day_cahul": "South Capital's Day Cahul",
	"southland_anniversary_day": "Southland Anniversary Day",
	"sovereign_s_birthday": "Sovereign's birthday",
	"sovereignty_day": "Sovereignty Day",
	"sports_day": "Sports Day",
	"spring_bank_holiday": "Spring Bank Holiday",
	"spring_day": "Spring Day",
	"st_andrew_s_day": "St. Andrew's Day",
	"st_berchtold_s_day": "St. Berchtold's Day",
	"st_cyril_and_methodius_day": "St. Cyril and Methodius Day",
	"st_francis_of_assisi_s_day": "St. Francis of Assisi's Day",
	"st_john_s_day": "St. John's Day",
	"st_stephen_s_day": "St. Stephen's Day",
	"st_wenceslas_day": "St. Wenceslas Day",
	"state_foundation_day": "State Foundation Day",
	"statehood_day": "Statehood Day",
	"struggle_for_freedom_and_democracy_day": "Struggle for Freedom and Democracy Day",
	"sukkot": "Sukkot",
	"sukkot_day1": "SukkotDay1",
	"sukkot_day2": "SukkotDay2",
	"summer_bank_holiday": "Summer Bank Holiday",
	"summer_day": "Summer Day",
	"swiss_national_day": "Swiss National Day",
	"taranaki_anniversary_day": "Taranaki Anniversary Day",
	"teacher_s_day": "Teacher's Day",
	"thanksgiving": "Thanksgiving",
	"thanksgiving_day": "Thanksgiving Day",
	"the_battle_of_pichincha": "The Battle of Pichincha",
	"the_day_of_restoration_of_the_state_of_lithuania": "The Day of Restoration of the State of Lithuania",
	"the_day_of_the_cross": "The Day of the Cross",
	"the_emperor_s_birthday": "The Emperor's Birthday",
	"the_feast_of_san_marino_and_the_republic": "The Feast of San Marino and the Republic",
	"the_immaculate_conception": "The Immaculate Conception",
	"theophany": "Theophany",
	"third_day_of_lunar_new_year": "Third day of Lunar New Year",
	"three_kings_day": "Three Kings Day",
	"three_kings_day_epiphany": "Three Kings Day / Epiphany",
	"tiradentes": "Tiradentes",
	"traditional_day": "Traditional Day",
	"triumph_of_the_revolution": "Triumph of the Revolution",
	"truman_day": "Truman Day",
	"tisha_bav": "TishabAv",
	"tu_bav": "TubAv",
	"ullortuneq": "Ullortuneq",
	"unification_day": "Unification Day",
	"unification_of_prekmurje_slovenes_with_the_mother_nation": "Unification of Prekmurje Slovenes with the Mother Nation",
	"union_day_small_union": "Union Day/Small Union",
	"unity_day": "Unity Day",
	"vaisakhi": "Vaisakhi",
	"valentines_day": "ValentinesDay",
	"vernal_equinox_day": "Vernal Equinox Day",
	"vesak_day": "VesakDay",
	"veterans_day": "Veterans Day",
	"victoria_day": "Victoria Day",
	"victory_and_commemoration_day": "Victory and Commemoration Day",
	"victory_and_homeland_thanksgiving_day_and_the_day_of_croatian_defenders": "Victory and Homeland Thanksgiving Day and the Day of Croatian defenders",
	"victory_and_peace_day": "Victory and Peace Day",
	"victory_day": "Victory Day",
	"victory_day_over_fascism": "Victory Day over fascism",
	"victory_in_europe_day": "Victory in Europe Day",
	"victory_of_fidel_castro": "Victory of Fidel Castro",
	"virgin_of_caacupe": "Virgin of Caacupe",
	"waitangi_day": "Waitangi Day",
	"wellington_anniversary_day": "Wellington Anniversary Day",
	"western_australia_day": "Western Australia Day",
	"westland_anniversary_day": "Westland Anniversary Day",
	"whit_monday": "Whit Monday",
	"women_s_day": "Women's Day",
	"worker_s_day": "Worker's Day",
	"workers_day": "Workers' Day",
	"workers_memorial_day": "Workers' Memorial Day",
	"world_children_s_day": "World Children's Day",
	"world_religion_day": "World Religion Day",
	"yom_kippur": "YomKippur",
	"youth_day": "Youth Day",
	"zikra_oued_ed_dahab": "Zikra Oued EdDahab"
}