{
  "2026-01-01":[{"National":["new_year_s_day"]}],
  "2026-01-02":[{"National":["new_year_s_day"]}],
  "2026-03-16":[{"National":["summer_day"]}],
  "2026-03-23":[{"National":["nowruz"]}],
  "2026-04-05":[{"National":["easter_sunday"]}, {"Catholic":["easter"]}],
  "2026-04-06":[{"National":["easter_monday"]}],
  "2026-04-12":[{"National":["easter_sunday"]}],
  "2026-04-13":[{"National":["easter_monday"]}, {"Thai":["songkran_day1"]}],
  "2026-05-01":[{"National":["may_day"]}, {"Buddhist":["vesak_day"]}],
  "2026-09-07":[{"National":["mother_teresa_day"]}],
  "2026-11-30":[{"National":["independence_day"]}, {"National":["liberation_day"]}],
  "2026-12-08":[{"National":["youth_day"]}],
  "2026-12-25":[{"National":["christmas_day"]}, {"Catholic":["christmas"]}],
  "2027-01-01":[{"National":["new_year_s_day"]}],
  "2027-01-04":[{"National":["new_year_s_day"]}],
  "2027-03-15":[{"National":["summer_day"]}],
  "2027-03-22":[{"National":["nowruz"]}],
  "2027-03-28":[{"National":["easter_sunday"]}, {"Catholic":["easter"]}],
  "2027-03-29":[{"National":["easter_monday"]}],
  "2027-05-02":[{"National":["easter_sunday"]}],
  "2027-05-03":[{"National":["may_day"]}, {"National":["easter_monday"]}],
  "2027-09-06":[{"National":["mother_teresa_day"]}],
  "2027-11-29":[{"National":["independence_day"]}, {"National":["liberation_day"]}],
  "2027-12-08":[{"National":["youth_day"]}],
  "2027-12-27":[{"National":["christmas_day"]}]
}