{
  "2026-01-01":[{"National":["new_year_s_day"]}],
  "2026-01-02":[{"National":["currency_change_day"]}],
  "2026-03-03":[{"National":["liberation_day"]}],
  "2026-04-10":[{"National":["good_friday"]}],
  "2026-04-11":[{"National":["holy_saturday"]}],
  "2026-04-12":[{"National":["easter_sunday"]}],
  "2026-04-13":[{"National":["easter_monday"]}, {"Thai":["songkran_day1"]}],
  "2026-05-01":[{"National":["international_workers_day"]}, {"Buddhist":["vesak_day"]}],
  "2026-05-06":[{"National":["saint_george_s_day"]}],
  "2026-05-24":[{"National":["saints_cyril_and_methodius_day"]}],
  "2026-09-06":[{"National":["unification_day"]}],
  "2026-09-22":[{"National":["independence_day"]}],
  "2026-12-24":[{"National":["christmas_eve"]}],
  "2026-12-25":[{"National":["christmas_day"]}, {"Catholic":["christmas"]}],
  "2026-12-26":[{"National":["second_day_of_christmas"]}],
  "2027-01-01":[{"National":["new_year_s_day"]}],
  "2027-03-03":[{"National":["liberation_day"]}],
  "2027-04-30":[{"National":["good_friday"]}],
  "2027-05-01":[{"National":["international_workers_day"]}, {"National":["holy_saturday"]}],
  "2027-05-02":[{"National":["easter_sunday"]}],
  "2027-05-03":[{"National":["easter_monday"]}],
  "2027-05-06":[{"National":["saint_george_s_day"]}],
  "2027-05-24":[{"National":["saints_cyril_and_methodius_day"]}],
  "2027-09-06":[{"National":["unification_day"]}],
  "2027-09-22":[{"National":["independence_day"]}],
  "2027-12-24":[{"National":["christmas_eve"]}],
  "2027-12-25":[{"National":["christmas_day"]}, {"Catholic":["christmas"]}],
  "2027-12-27":[{"National":["second_day_of_christmas"]}]
}