{
  "2026-01-02":[{"National":["new_year_s_day"]}],
  "2026-01-12":[{"National":["majority_rule_day"]}],
  "2026-04-03":[{"National":["perry_christie_day"]}, {"Jewish":["passover_day2"]}, {"National":["good_friday"]}, {"Catholic":["good_friday"]}],
  "2026-04-06":[{"National":["easter_monday"]}],
  "2026-05-25":[{"National":["whit_monday"]}],
  "2026-07-10":[{"National":["independence_day"]}],
  "2026-08-07":[{"National":["emancipation_day"]}],
  "2026-10-12":[{"National":["national_heroes_day"]}],
  "2026-12-25":[{"National":["christmas_day"]}, {"Catholic":["christmas"]}],
  "2026-12-26":[{"National":["st_stephen_s_day"]}],
  "2027-01-01":[{"National":["new_year_s_day"]}],
  "2027-01-11":[{"National":["majority_rule_day"]}],
  "2027-03-26":[{"National":["good_friday"]}, {"Catholic":["good_friday"]}],
  "2027-03-29":[{"National":["easter_monday"]}],
  "2027-04-02":[{"National":["perry_christie_day"]}],
  "2027-05-17":[{"National":["whit_monday"]}],
  "2027-07-10":[{"National":["independence_day"]}],
  "2027-08-06":[{"National":["emancipation_day"]}],
  "2027-10-11":[{"National":["national_heroes_day"]}],
  "2027-12-25":[{"National":["christmas_day"]}, {"Catholic":["christmas"]}],
  "2027-12-26":[{"National":["st_stephen_s_day"]}]
}