{
  "2026-01-01":[{"National":["new_year_s_day"]}],
  "2026-01-15":[{"National":["george_price_day"]}],
  "2026-03-09":[{"National":["national_heroes_and_benefactors_day"]}],
  "2026-04-03":[{"National":["good_friday"]}, {"Catholic":["good_friday"]}],
  "2026-04-04":[{"National":["holy_saturday"]}],
  "2026-04-05":[{"National":["easter_sunday"]}, {"Catholic":["easter"]}],
  "2026-04-06":[{"National":["easter_monday"]}],
  "2026-05-01":[{"National":["labour_day"]}, {"Buddhist":["vesak_day"]}],
  "2026-08-01":[{"National":["emancipation_day"]}],
  "2026-09-10":[{"National":["saint_george_s_caye_day"]}],
  "2026-09-21":[{"National":["independence_day"]}],
  "2026-10-12":[{"National":["pan_america_day"]}],
  "2026-11-19":[{"National":["garifuna_settlement_day"]}],
  "2026-12-25":[{"National":["christmas_day"]}, {"Catholic":["christmas"]}],
  "2026-12-26":[{"National":["boxing_day"]}],
  "2027-01-01":[{"National":["new_year_s_day"]}],
  "2027-01-15":[{"National":["george_price_day"]}],
  "2027-03-08":[{"National":["national_heroes_and_benefactors_day"]}],
  "2027-03-26":[{"National":["good_friday"]}, {"Catholic":["good_friday"]}],
  "2027-03-27":[{"National":["holy_saturday"]}],
  "2027-03-28":[{"National":["easter_sunday"]}, {"Catholic":["easter"]}],
  "2027-03-29":[{"National":["easter_monday"]}],
  "2027-05-01":[{"National":["labour_day"]}],
  "2027-08-02":[{"National":["emancipation_day"]}],
  "2027-09-10":[{"National":["saint_george_s_caye_day"]}],
  "2027-09-21":[{"National":["independence_day"]}],
  "2027-10-11":[{"National":["pan_america_day"]}],
  "2027-11-19":[{"National":["garifuna_settlement_day"]}],
  "2027-12-25":[{"National":["christmas_day"]}, {"Catholic":["christmas"]}],
  "2027-12-27":[{"National":["boxing_day"]}]
}