{
  "2026-01-01":[{"National":["new_year_s_day"]}],
  "2026-01-02":[{"National":["st_berchtold_s_day"]}],
  "2026-01-06":[{"National":["epiphany"]}, {"National":["epiphany"]}],
  "2026-03-01":[{"National":["republic_day"]}],
  "2026-03-19":[{"National":["saint_joseph_s_day"]}, {"National":["saint_joseph_s_day"]}],
  "2026-04-03":[{"National":["good_friday"]}, {"Catholic":["good_friday"]}],
  "2026-04-04":[{"National":["näfels_procession"]}],
  "2026-04-06":[{"National":["easter_monday"]}, {"National":["easter_monday"]}],
  "2026-05-01":[{"National":["labour_day"]}, {"Buddhist":["vesak_day"]}, {"National":["labour_day"]}, {"Buddhist":["vesak_day"]}],
  "2026-05-14":[{"National":["ascension_day"]}],
  "2026-05-25":[{"National":["whit_monday"]}, {"National":["whit_monday"]}],
  "2026-06-04":[{"National":["corpus_christi"]}, {"National":["corpus_christi"]}],
  "2026-06-29":[{"National":["saint_peter_and_saint_paul"]}],
  "2026-08-01":[{"National":["swiss_national_day"]}],
  "2026-08-15":[{"National":["assumption_of_the_virgin_mary"]}, {"Catholic":["assumption"]}, {"National":["assumption_of_the_virgin_mary"]}, {"Catholic":["assumption"]}],
  "2026-09-10":[{"National":["geneva_prayday"]}],
  "2026-09-20":[{"National":["federal_day_of_thanksgiving"]}],
  "2026-09-21":[{"National":["federal_fast_monday"]}],
  "2026-11-01":[{"National":["all_saints_day"]}, {"National":["all_saints_day"]}],
  "2026-12-08":[{"National":["immaculate_conception"]}, {"National":["immaculate_conception"]}],
  "2026-12-25":[{"National":["christmas_day"]}, {"Catholic":["christmas"]}],
  "2026-12-26":[{"National":["st_stephen_s_day"]}, {"National":["st_stephen_s_day"]}],
  "2026-12-31":[{"National":["restoration_day"]}],
  "2027-01-01":[{"National":["new_year_s_day"]}],
  "2027-01-02":[{"National":["st_berchtold_s_day"]}],
  "2027-01-06":[{"National":["epiphany"]}, {"National":["epiphany"]}],
  "2027-03-01":[{"National":["republic_day"]}],
  "2027-03-19":[{"National":["saint_joseph_s_day"]}, {"National":["saint_joseph_s_day"]}],
  "2027-03-26":[{"National":["good_friday"]}, {"Catholic":["good_friday"]}],
  "2027-03-29":[{"National":["easter_monday"]}, {"National":["easter_monday"]}],
  "2027-04-04":[{"National":["näfels_procession"]}],
  "2027-05-01":[{"National":["labour_day"]}, {"National":["labour_day"]}],
  "2027-05-06":[{"National":["ascension_day"]}],
  "2027-05-17":[{"National":["whit_monday"]}, {"National":["whit_monday"]}],
  "2027-05-27":[{"National":["corpus_christi"]}, {"National":["corpus_christi"]}],
  "2027-06-29":[{"National":["saint_peter_and_saint_paul"]}],
  "2027-08-01":[{"National":["swiss_national_day"]}],
  "2027-08-15":[{"National":["assumption_of_the_virgin_mary"]}, {"National":["assumption_of_the_virgin_mary"]}],
  "2027-09-09":[{"National":["geneva_prayday"]}],
  "2027-09-19":[{"National":["federal_day_of_thanksgiving"]}],
  "2027-09-20":[{"National":["federal_fast_monday"]}],
  "2027-11-01":[{"National":["all_saints_day"]}, {"National":["all_saints_day"]}],
  "2027-12-08":[{"National":["immaculate_conception"]}, {"National":["immaculate_conception"]}],
  "2027-12-25":[{"National":["christmas_day"]}, {"Catholic":["christmas"]}],
  "2027-12-26":[{"National":["st_stephen_s_day"]}, {"National":["st_stephen_s_day"]}],
  "2027-12-31":[{"National":["restoration_day"]}]
}