{
  "2026-01-01":[{"National":["new_year_s_day"]}],
  "2026-04-02":[{"National":["maundy_thursday"]}, {"Catholic":["holy_thursday"]}],
  "2026-04-03":[{"National":["good_friday"]}, {"Catholic":["good_friday"]}],
  "2026-04-11":[{"National":["juan_santamaría_day"]}],
  "2026-05-01":[{"National":["labour_day"]}, {"Buddhist":["vesak_day"]}],
  "2026-07-25":[{"National":["annexation_of_the_party_of_nicoya_to_costa_rica"]}],
  "2026-08-02":[{"National":["feast_of_our_lady_of_the_angels"]}],
  "2026-08-15":[{"National":["mother_s_day"]}],
  "2026-09-15":[{"National":["independence_day"]}],
  "2026-12-01":[{"National":["army_abolition_day"]}],
  "2026-12-25":[{"National":["christmas_day"]}, {"Catholic":["christmas"]}],
  "2027-01-01":[{"National":["new_year_s_day"]}],
  "2027-03-25":[{"National":["maundy_thursday"]}],
  "2027-03-26":[{"National":["good_friday"]}, {"Catholic":["good_friday"]}],
  "2027-04-11":[{"National":["juan_santamaría_day"]}],
  "2027-05-01":[{"National":["labour_day"]}],
  "2027-07-25":[{"National":["annexation_of_the_party_of_nicoya_to_costa_rica"]}],
  "2027-08-02":[{"National":["feast_of_our_lady_of_the_angels"]}],
  "2027-08-15":[{"National":["mother_s_day"]}],
  "2027-09-15":[{"National":["independence_day"]}],
  "2027-12-01":[{"National":["army_abolition_day"]}],
  "2027-12-25":[{"National":["christmas_day"]}, {"Catholic":["christmas"]}]
}