{
  "2026-01-01":[{"National":["new_year_s_day"]}],
  "2026-02-24":[{"National":["independence_day"]}],
  "2026-04-03":[{"National":["good_friday"]}, {"Catholic":["good_friday"]}],
  "2026-04-05":[{"National":["easter_sunday"]}, {"Catholic":["easter"]}],
  "2026-05-01":[{"National":["spring_day"]}, {"Buddhist":["vesak_day"]}],
  "2026-05-24":[{"National":["pentecost"]}, {"Catholic":["pentecost"]}],
  "2026-06-23":[{"National":["victory_day"]}],
  "2026-06-24":[{"National":["midsummer_day"]}],
  "2026-08-20":[{"National":["day_of_restoration_of_independence"]}],
  "2026-12-24":[{"National":["christmas_eve"]}],
  "2026-12-25":[{"National":["christmas_day"]}, {"Catholic":["christmas"]}],
  "2026-12-26":[{"National":["st_stephen_s_day"]}],
  "2027-01-01":[{"National":["new_year_s_day"]}],
  "2027-02-24":[{"National":["independence_day"]}],
  "2027-03-26":[{"National":["good_friday"]}, {"Catholic":["good_friday"]}],
  "2027-03-28":[{"National":["easter_sunday"]}, {"Catholic":["easter"]}],
  "2027-05-01":[{"National":["spring_day"]}],
  "2027-05-16":[{"National":["pentecost"]}],
  "2027-06-23":[{"National":["victory_day"]}],
  "2027-06-24":[{"National":["midsummer_day"]}],
  "2027-08-20":[{"National":["day_of_restoration_of_independence"]}],
  "2027-12-24":[{"National":["christmas_eve"]}],
  "2027-12-25":[{"National":["christmas_day"]}, {"Catholic":["christmas"]}],
  "2027-12-26":[{"National":["st_stephen_s_day"]}]
}