{
  "2026-01-01":[{"National":["new_year_s_day"]}],
  "2026-01-06":[{"National":["epiphany"]}],
  "2026-02-28":[{"National":["day_of_andalucía"]}],
  "2026-03-01":[{"National":["day_of_the_balearic_islands"]}],
  "2026-04-02":[{"National":["maundy_thursday"]}, {"Catholic":["holy_thursday"]}],
  "2026-04-03":[{"National":["good_friday"]}, {"Catholic":["good_friday"]}],
  "2026-04-06":[{"National":["easter_monday"]}],
  "2026-04-23":[{"National":["castile_and_león_day"]}, {"National":["day_of_aragón"]}],
  "2026-05-01":[{"National":["labour_day"]}, {"Buddhist":["vesak_day"]}],
  "2026-05-02":[{"National":["day_of_madrid"]}],
  "2026-05-17":[{"National":["galician_literature_day"]}],
  "2026-05-30":[{"National":["day_of_the_canary_islands"]}],
  "2026-05-31":[{"National":["day_of_castilla_la_mancha"]}],
  "2026-06-04":[{"National":["corpus_christi"]}],
  "2026-06-09":[{"National":["day_of_la_rioja"]}, {"National":["day_of_murcia"]}],
  "2026-06-24":[{"National":["st_john_s_day"]}],
  "2026-07-25":[{"National":["santiago_apóstol"]}],
  "2026-07-28":[{"National":["day_of_the_cantabrian_institutions"]}],
  "2026-08-15":[{"National":["assumption"]}, {"Catholic":["assumption"]}],
  "2026-09-08":[{"National":["day_of_asturias"]}, {"National":["day_of_extremadura"]}],
  "2026-09-11":[{"National":["national_day_of_catalonia"]}],
  "2026-09-15":[{"National":["feast_of_our_lady_of_bien_aparecida"]}],
  "2026-10-09":[{"National":["day_of_the_valencian_community"]}],
  "2026-10-12":[{"National":["national_day_of_spain"]}],
  "2026-11-01":[{"National":["all_saints_day"]}],
  "2026-12-06":[{"National":["constitution_day"]}],
  "2026-12-08":[{"National":["immaculate_conception"]}],
  "2026-12-25":[{"National":["christmas_day"]}, {"Catholic":["christmas"]}],
  "2026-12-26":[{"National":["st_stephen_s_day"]}],
  "2027-01-01":[{"National":["new_year_s_day"]}],
  "2027-01-06":[{"National":["epiphany"]}],
  "2027-02-28":[{"National":["day_of_andalucía"]}],
  "2027-03-01":[{"National":["day_of_the_balearic_islands"]}],
  "2027-03-25":[{"National":["maundy_thursday"]}],
  "2027-03-26":[{"National":["good_friday"]}, {"Catholic":["good_friday"]}],
  "2027-03-29":[{"National":["easter_monday"]}],
  "2027-04-23":[{"National":["castile_and_león_day"]}, {"National":["day_of_aragón"]}],
  "2027-05-01":[{"National":["labour_day"]}],
  "2027-05-03":[{"National":["day_of_madrid"]}],
  "2027-05-17":[{"National":["galician_literature_day"]}],
  "2027-05-27":[{"National":["corpus_christi"]}],
  "2027-05-30":[{"National":["day_of_the_canary_islands"]}],
  "2027-05-31":[{"National":["day_of_castilla_la_mancha"]}],
  "2027-06-09":[{"National":["day_of_la_rioja"]}, {"National":["day_of_murcia"]}],
  "2027-06-24":[{"National":["st_john_s_day"]}],
  "2027-07-25":[{"National":["santiago_apóstol"]}],
  "2027-07-28":[{"National":["day_of_the_cantabrian_institutions"]}],
  "2027-08-16":[{"National":["assumption"]}],
  "2027-09-08":[{"National":["day_of_asturias"]}, {"National":["day_of_extremadura"]}],
  "2027-09-11":[{"National":["national_day_of_catalonia"]}],
  "2027-09-15":[{"National":["feast_of_our_lady_of_bien_aparecida"]}],
  "2027-10-09":[{"National":["day_of_the_valencian_community"]}],
  "2027-10-12":[{"National":["national_day_of_spain"]}],
  "2027-11-01":[{"National":["all_saints_day"]}],
  "2027-12-06":[{"National":["constitution_day"]}],
  "2027-12-08":[{"National":["immaculate_conception"]}],
  "2027-12-25":[{"National":["christmas_day"]}, {"Catholic":["christmas"]}],
  "2027-12-26":[{"National":["st_stephen_s_day"]}]
}