{
  "2026-01-01":[{"National":["new_year_s_day"]}],
  "2026-04-06":[{"National":["easter_monday"]}],
  "2026-05-01":[{"National":["labour_day"]}, {"Buddhist":["vesak_day"]}],
  "2026-05-08":[{"National":["victory_in_europe_day"]}],
  "2026-05-14":[{"National":["ascension_day"]}],
  "2026-05-25":[{"National":["whit_monday"]}],
  "2026-07-14":[{"National":["bastille_day"]}],
  "2026-08-15":[{"National":["assumption_day"]}, {"Catholic":["assumption"]}],
  "2026-11-01":[{"National":["all_saints_day"]}],
  "2026-11-11":[{"National":["armistice_day"]}],
  "2026-12-25":[{"National":["christmas_day"]}, {"Catholic":["christmas"]}],
  "2027-01-01":[{"National":["new_year_s_day"]}],
  "2027-03-29":[{"National":["easter_monday"]}],
  "2027-05-01":[{"National":["labour_day"]}],
  "2027-05-06":[{"National":["ascension_day"]}],
  "2027-05-08":[{"National":["victory_in_europe_day"]}],
  "2027-05-17":[{"National":["whit_monday"]}],
  "2027-07-14":[{"National":["bastille_day"]}],
  "2027-08-15":[{"National":["assumption_day"]}],
  "2027-11-01":[{"National":["all_saints_day"]}],
  "2027-11-11":[{"National":["armistice_day"]}],
  "2027-12-25":[{"National":["christmas_day"]}, {"Catholic":["christmas"]}]
}