{
  "2026-01-01":[{"National":["new_year_s_day"]}],
  "2026-01-02":[{"National":["2_january"]}],
  "2026-03-17":[{"National":["saint_patrick_s_day"]}],
  "2026-04-03":[{"National":["good_friday"]}, {"Catholic":["good_friday"]}],
  "2026-04-06":[{"National":["easter_monday"]}],
  "2026-05-04":[{"National":["early_may_bank_holiday"]}],
  "2026-05-25":[{"National":["spring_bank_holiday"]}],
  "2026-07-13":[{"National":["battle_of_the_boyne"]}],
  "2026-08-03":[{"National":["summer_bank_holiday"]}],
  "2026-08-31":[{"National":["summer_bank_holiday"]}],
  "2026-11-30":[{"National":["saint_andrew_s_day"]}],
  "2026-12-25":[{"National":["christmas_day"]}, {"Catholic":["christmas"]}],
  "2026-12-28":[{"National":["st_stephen_s_day"]}],
  "2027-01-01":[{"National":["new_year_s_day"]}],
  "2027-01-02":[{"National":["2_january"]}],
  "2027-03-17":[{"National":["saint_patrick_s_day"]}],
  "2027-03-26":[{"National":["good_friday"]}, {"Catholic":["good_friday"]}],
  "2027-03-29":[{"National":["easter_monday"]}],
  "2027-05-03":[{"National":["early_may_bank_holiday"]}],
  "2027-05-31":[{"National":["spring_bank_holiday"]}],
  "2027-07-12":[{"National":["battle_of_the_boyne"]}],
  "2027-08-02":[{"National":["summer_bank_holiday"]}],
  "2027-08-30":[{"National":["summer_bank_holiday"]}],
  "2027-11-30":[{"National":["saint_andrew_s_day"]}],
  "2027-12-27":[{"National":["christmas_day"]}],
  "2027-12-28":[{"National":["st_stephen_s_day"]}]
}