{
  "2026-01-01":[{"National":["new_year_s_day"]}],
  "2026-02-07":[{"National":["independence_day"]}],
  "2026-04-03":[{"National":["good_friday"]}, {"Catholic":["good_friday"]}],
  "2026-04-06":[{"National":["easter_monday"]}],
  "2026-05-01":[{"National":["labour_day"]}, {"Buddhist":["vesak_day"]}, {"National":["indian_arrival_day"]}],
  "2026-05-25":[{"National":["whit_monday"]}],
  "2026-06-04":[{"National":["corpus_christi"]}],
  "2026-08-03":[{"National":["emancipation_day"]}],
  "2026-08-11":[{"National":["carnival"]}],
  "2026-10-25":[{"National":["thanksgiving_day"]}],
  "2026-12-25":[{"National":["christmas_day"]}, {"Catholic":["christmas"]}],
  "2026-12-26":[{"National":["boxing_day"]}],
  "2027-01-01":[{"National":["new_year_s_day"]}],
  "2027-02-07":[{"National":["independence_day"]}],
  "2027-03-26":[{"National":["good_friday"]}, {"Catholic":["good_friday"]}],
  "2027-03-29":[{"National":["easter_monday"]}],
  "2027-05-01":[{"National":["labour_day"]}, {"National":["indian_arrival_day"]}],
  "2027-05-17":[{"National":["whit_monday"]}],
  "2027-05-27":[{"National":["corpus_christi"]}],
  "2027-08-02":[{"National":["emancipation_day"]}],
  "2027-08-11":[{"National":["carnival"]}],
  "2027-10-25":[{"National":["thanksgiving_day"]}],
  "2027-12-25":[{"National":["christmas_day"]}, {"Catholic":["christmas"]}],
  "2027-12-26":[{"National":["boxing_day"]}]
}