{
  "2026-01-01":[{"National":["new_year_s_day"]}],
  "2026-01-06":[{"National":["epiphany"]}],
  "2026-02-23":[{"National":["clean_monday"]}],
  "2026-03-25":[{"National":["annunciation"]}, {"National":["independence_day"]}],
  "2026-04-10":[{"National":["good_friday"]}],
  "2026-04-12":[{"National":["easter_sunday"]}],
  "2026-04-13":[{"National":["easter_monday"]}, {"Thai":["songkran_day1"]}],
  "2026-05-01":[{"National":["labour_day"]}, {"Buddhist":["vesak_day"]}],
  "2026-05-31":[{"National":["pentecost"]}],
  "2026-06-01":[{"National":["whit_monday"]}],
  "2026-08-15":[{"National":["assumption_day"]}, {"Catholic":["assumption"]}],
  "2026-10-28":[{"National":["ochi_day"]}],
  "2026-12-25":[{"National":["christmas_day"]}, {"Catholic":["christmas"]}],
  "2026-12-26":[{"National":["st_stephen_s_day"]}],
  "2027-01-01":[{"National":["new_year_s_day"]}],
  "2027-01-06":[{"National":["epiphany"]}],
  "2027-03-15":[{"National":["clean_monday"]}],
  "2027-03-25":[{"National":["annunciation"]}, {"National":["independence_day"]}],
  "2027-04-30":[{"National":["good_friday"]}],
  "2027-05-01":[{"National":["labour_day"]}],
  "2027-05-02":[{"National":["easter_sunday"]}],
  "2027-05-03":[{"National":["easter_monday"]}],
  "2027-06-20":[{"National":["pentecost"]}],
  "2027-06-21":[{"National":["whit_monday"]}],
  "2027-08-15":[{"National":["assumption_day"]}],
  "2027-10-28":[{"National":["ochi_day"]}],
  "2027-12-25":[{"National":["christmas_day"]}, {"Catholic":["christmas"]}],
  "2027-12-26":[{"National":["st_stephen_s_day"]}]
}