{
  "2026-01-01":[{"National":["new_year_s_day"]}],
  "2026-02-02":[{"National":["saint_brigid_s_day"]}],
  "2026-03-17":[{"National":["saint_patrick_s_day"]}],
  "2026-04-03":[{"National":["good_friday"]}, {"Catholic":["good_friday"]}],
  "2026-04-06":[{"National":["easter_monday"]}],
  "2026-05-04":[{"National":["may_day"]}],
  "2026-06-01":[{"National":["june_holiday"]}],
  "2026-08-03":[{"National":["august_holiday"]}],
  "2026-10-26":[{"National":["october_holiday"]}],
  "2026-12-25":[{"National":["christmas_day"]}, {"Catholic":["christmas"]}],
  "2026-12-26":[{"National":["st_stephen_s_day"]}],
  "2027-01-01":[{"National":["new_year_s_day"]}],
  "2027-02-01":[{"National":["saint_brigid_s_day"]}],
  "2027-03-17":[{"National":["saint_patrick_s_day"]}],
  "2027-03-26":[{"National":["good_friday"]}, {"Catholic":["good_friday"]}],
  "2027-03-29":[{"National":["easter_monday"]}],
  "2027-05-03":[{"National":["may_day"]}],
  "2027-06-07":[{"National":["june_holiday"]}],
  "2027-08-02":[{"National":["august_holiday"]}],
  "2027-10-25":[{"National":["october_holiday"]}],
  "2027-12-25":[{"National":["christmas_day"]}, {"Catholic":["christmas"]}],
  "2027-12-26":[{"National":["st_stephen_s_day"]}]
}