{
  "2026-01-01":[{"National":["new_year_s_day"]}],
  "2026-03-11":[{"National":["moshoeshoe_day"]}],
  "2026-04-03":[{"National":["good_friday"]}, {"Catholic":["good_friday"]}],
  "2026-04-06":[{"National":["easter_monday"]}],
  "2026-05-01":[{"National":["workers_day"]}, {"Buddhist":["vesak_day"]}],
  "2026-05-14":[{"National":["ascension_day"]}],
  "2026-05-25":[{"National":["africa_day_heroes_day"]}],
  "2026-07-17":[{"National":["king_letsie_iii_s_birthday"]}],
  "2026-10-04":[{"National":["independence_day"]}],
  "2026-12-25":[{"National":["christmas_day"]}, {"Catholic":["christmas"]}],
  "2026-12-26":[{"National":["boxing_day"]}],
  "2027-01-01":[{"National":["new_year_s_day"]}],
  "2027-03-11":[{"National":["moshoeshoe_day"]}],
  "2027-03-26":[{"National":["good_friday"]}, {"Catholic":["good_friday"]}],
  "2027-03-29":[{"National":["easter_monday"]}],
  "2027-05-01":[{"National":["workers_day"]}],
  "2027-05-06":[{"National":["ascension_day"]}],
  "2027-05-25":[{"National":["africa_day_heroes_day"]}],
  "2027-07-17":[{"National":["king_letsie_iii_s_birthday"]}],
  "2027-10-04":[{"National":["independence_day"]}],
  "2027-12-25":[{"National":["christmas_day"]}, {"Catholic":["christmas"]}],
  "2027-12-26":[{"National":["boxing_day"]}]
}