{
  "2026-01-01":[{"National":["new_year_s_day"]}],
  "2026-02-10":[{"National":["feast_of_st_paul_s_shipwreck"]}],
  "2026-03-19":[{"National":["feast_of_st_joseph"]}],
  "2026-03-31":[{"National":["freedom_day"]}],
  "2026-04-03":[{"National":["good_friday"]}, {"Catholic":["good_friday"]}],
  "2026-05-01":[{"National":["worker_s_day"]}, {"Buddhist":["vesak_day"]}],
  "2026-06-07":[{"National":["sette_giugno"]}],
  "2026-06-29":[{"National":["feast_of_st_peter_and_st_paul"]}],
  "2026-08-15":[{"National":["assumption_day"]}, {"Catholic":["assumption"]}],
  "2026-09-08":[{"National":["feast_of_our_lady_of_victories"]}],
  "2026-09-21":[{"National":["independence_day"]}],
  "2026-12-08":[{"National":["feast_of_the_immaculate_conception"]}],
  "2026-12-13":[{"National":["republic_day"]}],
  "2026-12-25":[{"National":["christmas_day"]}, {"Catholic":["christmas"]}],
  "2027-01-01":[{"National":["new_year_s_day"]}],
  "2027-02-10":[{"National":["feast_of_st_paul_s_shipwreck"]}],
  "2027-03-19":[{"National":["feast_of_st_joseph"]}],
  "2027-03-26":[{"National":["good_friday"]}, {"Catholic":["good_friday"]}],
  "2027-03-31":[{"National":["freedom_day"]}],
  "2027-05-01":[{"National":["worker_s_day"]}],
  "2027-06-07":[{"National":["sette_giugno"]}],
  "2027-06-29":[{"National":["feast_of_st_peter_and_st_paul"]}],
  "2027-08-15":[{"National":["assumption_day"]}],
  "2027-09-08":[{"National":["feast_of_our_lady_of_victories"]}],
  "2027-09-21":[{"National":["independence_day"]}],
  "2027-12-08":[{"National":["feast_of_the_immaculate_conception"]}],
  "2027-12-13":[{"National":["republic_day"]}],
  "2027-12-25":[{"National":["christmas_day"]}, {"Catholic":["christmas"]}]
}