{
  "2026-01-01":[{"National":["new_year_s_day"]}],
  "2026-04-03":[{"National":["good_friday"]}, {"Catholic":["good_friday"]}],
  "2026-04-05":[{"National":["easter_sunday"]}, {"Catholic":["easter"]}],
  "2026-04-06":[{"National":["easter_monday"]}],
  "2026-04-27":[{"National":["king_s_day"]}],
  "2026-05-05":[{"National":["liberation_day"]}],
  "2026-05-14":[{"National":["ascension_day"]}],
  "2026-05-24":[{"National":["pentecost"]}, {"Catholic":["pentecost"]}],
  "2026-05-25":[{"National":["whit_monday"]}],
  "2026-12-25":[{"National":["christmas_day"]}, {"Catholic":["christmas"]}],
  "2026-12-26":[{"National":["st_stephen_s_day"]}],
  "2027-01-01":[{"National":["new_year_s_day"]}],
  "2027-03-26":[{"National":["good_friday"]}, {"Catholic":["good_friday"]}],
  "2027-03-28":[{"National":["easter_sunday"]}, {"Catholic":["easter"]}],
  "2027-03-29":[{"National":["easter_monday"]}],
  "2027-04-27":[{"National":["king_s_day"]}],
  "2027-05-05":[{"National":["liberation_day"]}],
  "2027-05-06":[{"National":["ascension_day"]}],
  "2027-05-16":[{"National":["pentecost"]}],
  "2027-05-17":[{"National":["whit_monday"]}],
  "2027-12-25":[{"National":["christmas_day"]}, {"Catholic":["christmas"]}],
  "2027-12-26":[{"National":["st_stephen_s_day"]}]
}