{
  "2026-01-01":[{"National":["new_year_s_day"]}],
  "2026-01-02":[{"National":["day_after_new_year_s_day"]}],
  "2026-01-19":[{"National":["wellington_anniversary_day"]}],
  "2026-01-26":[{"National":["auckland_anniversary_day"]}],
  "2026-02-02":[{"National":["nelson_anniversary_day"]}],
  "2026-02-06":[{"National":["waitangi_day"]}],
  "2026-03-09":[{"National":["taranaki_anniversary_day"]}],
  "2026-03-23":[{"National":["otago_anniversary_day"]}],
  "2026-04-03":[{"National":["good_friday"]}, {"Catholic":["good_friday"]}],
  "2026-04-06":[{"National":["easter_monday"]}],
  "2026-04-07":[{"National":["southland_anniversary_day"]}],
  "2026-04-27":[{"National":["anzac_day"]}],
  "2026-06-01":[{"National":["king_s_birthday"]}],
  "2026-07-10":[{"National":["matariki"]}],
  "2026-09-28":[{"National":["canterbury_south_anniversary_day"]}],
  "2026-10-23":[{"National":["hawke_s_bay_anniversary_day"]}],
  "2026-10-26":[{"National":["labour_day"]}],
  "2026-11-02":[{"National":["marlborough_anniversary_day"]}],
  "2026-11-13":[{"National":["canterbury_anniversary_day"]}],
  "2026-11-30":[{"National":["chatham_islands_anniversary_day"]}, {"National":["westland_anniversary_day"]}],
  "2026-12-25":[{"National":["christmas_day"]}, {"Catholic":["christmas"]}],
  "2026-12-28":[{"National":["boxing_day"]}],
  "2027-01-01":[{"National":["new_year_s_day"]}],
  "2027-01-04":[{"National":["day_after_new_year_s_day"]}],
  "2027-01-25":[{"National":["wellington_anniversary_day"]}],
  "2027-02-01":[{"National":["auckland_anniversary_day"]}, {"National":["nelson_anniversary_day"]}],
  "2027-02-08":[{"National":["waitangi_day"]}],
  "2027-03-08":[{"National":["taranaki_anniversary_day"]}],
  "2027-03-22":[{"National":["otago_anniversary_day"]}],
  "2027-03-26":[{"National":["good_friday"]}, {"Catholic":["good_friday"]}],
  "2027-03-29":[{"National":["easter_monday"]}],
  "2027-03-30":[{"National":["southland_anniversary_day"]}],
  "2027-04-26":[{"National":["anzac_day"]}],
  "2027-06-07":[{"National":["king_s_birthday"]}],
  "2027-06-25":[{"National":["matariki"]}],
  "2027-09-27":[{"National":["canterbury_south_anniversary_day"]}],
  "2027-10-22":[{"National":["hawke_s_bay_anniversary_day"]}],
  "2027-10-25":[{"National":["labour_day"]}],
  "2027-11-01":[{"National":["marlborough_anniversary_day"]}],
  "2027-11-12":[{"National":["canterbury_anniversary_day"]}],
  "2027-11-29":[{"National":["chatham_islands_anniversary_day"]}, {"National":["westland_anniversary_day"]}],
  "2027-12-27":[{"National":["christmas_day"]}],
  "2027-12-28":[{"National":["boxing_day"]}]
}