{
  "2026-01-01":[{"National":["new_year_s_day"]}],
  "2026-02-21":[{"National":["robert_mugabe_national_youth_day"]}],
  "2026-04-03":[{"National":["good_friday"]}, {"Catholic":["good_friday"]}],
  "2026-04-04":[{"National":["holy_saturday"]}],
  "2026-04-06":[{"National":["easter_monday"]}],
  "2026-04-18":[{"National":["independence_day"]}],
  "2026-05-01":[{"National":["worker_s_day"]}, {"Buddhist":["vesak_day"]}],
  "2026-05-25":[{"National":["africa_day"]}],
  "2026-08-10":[{"National":["heroes_day"]}],
  "2026-08-11":[{"National":["defence_forces_day"]}],
  "2026-12-22":[{"National":["unity_day"]}],
  "2026-12-25":[{"National":["christmas_day"]}, {"Catholic":["christmas"]}],
  "2026-12-26":[{"National":["st_stephen_s_day"]}],
  "2027-01-01":[{"National":["new_year_s_day"]}],
  "2027-02-21":[{"National":["robert_mugabe_national_youth_day"]}],
  "2027-03-26":[{"National":["good_friday"]}, {"Catholic":["good_friday"]}],
  "2027-03-27":[{"National":["holy_saturday"]}],
  "2027-03-29":[{"National":["easter_monday"]}],
  "2027-04-18":[{"National":["independence_day"]}],
  "2027-05-01":[{"National":["worker_s_day"]}],
  "2027-05-25":[{"National":["africa_day"]}],
  "2027-08-09":[{"National":["heroes_day"]}],
  "2027-08-10":[{"National":["defence_forces_day"]}],
  "2027-12-22":[{"National":["unity_day"]}],
  "2027-12-25":[{"National":["christmas_day"]}, {"Catholic":["christmas"]}],
  "2027-12-26":[{"National":["st_stephen_s_day"]}]
}